smiles,D
CNCCNCCCNCCN,3.85 
CSSC1=CN=CC=C1,8.54 
CC1C(CCC(=O)N1)O,5.15 
CCC(CO)OCC(CC)O,5.08 
CN(C)CCC1C2=CC=CC=C2C=CC3=C1N=CC=C3,3.51 
CC(C(C)OC(C)(C(C)O)O)O,5.35 
CC1=CN=C(C=C1)C(C)C2CCN(CC2)CCF,3.07 
C1CC2=CC3=C(C=C2NC1)N=C(C(=N3)C4=CC=CC=C4)C5=CC=CC=C5,2.70 
CC(C)(C)N=C(CCC1=CC=C(C=C1)N(C)C)C2=CC=CC=C2,2.62 
CCCCCC1=CC2=C(C=C1)C(=O)NC(=O)C2C,3.00 
CNCCCNC(CNC)CNC,3.14 
CC1=NC2=CC=CC=C2C1=C(C3=CC=C(C=C3)NC)C4=CC=C(C=C4)NC,2.65 
CC1CCCC(C1)CC2=CC=NC=C2,4.61 
CC(C(COC(C(F)F)(F)F)(F)F)F,4.88 
CCN=C1C=CC(=C(C2=CC=CC=C2)C3=CC=C(C=C3)N(C)C)C=C1,1.65 
CCCCCCCCCCC1=C2C3=C(C=CC=C3C(=O)NC2=O)C=C1,2.97 
CC1CNCCNCCCNCCNC1,2.50 
C1CCN(CC1)CCN2C(=O)C3=CC=CC4=CC5=CC=CC=C5C(=C43)C2=O,3.18 
CCN(CC)C1=CC2=C(C=C1)N=C3C(=N2)C=CC4=CC=CC=C43,3.20 
CC(C)C1=C(C=C(C=N1)C2=CC=CC=N2)F,4.78 
CC(C1=CN=CC=C1)C(C)C2=CN=C(C=C2)C(F)(F)F,4.91 
CCCCCC(CCC1CCCO1)NC,3.32 
CC1=NC=C(C=C1)C2CCN(CC2)C(=C)C(C)C,3.87 
COC(=O)C1=CC=CC(=N1)CN,5.93 
C1=CC2=C(C=CC3=C2C(=C1)C(=O)NC3=O)C(=O)C4=C5C=CC=C6C5=C(C=C4)C(=O)NC6=O,2.65 
CC1=NC=CC(=C1)C2=CC=CCC2=C,5.49 
CCC(C)(C1=CC=CC=N1)F,6.68 
CN1C2CCC1CC(C2)C3=NC=C(C=C3)C4=CC=C(C=C4)F,2.59 
CC1CC=NC=C1C2=CN=CC=C2,6.52 
CC1=CC=C(C=C1)C(=O)NC(=O)C2=CC3=C(CCNC3)C=C2,3.30 
CCCCOC(=O)C1=NC(=CC=C1)C(=O)OC(C)C,3.89 
CN1CC=C2C=CC3=C(C2=C1)N=CC=C3,4.18 
CC1CNC(CNC(CN(C(CN1)C)C)C)C,4.31 
CCCCCCC(C)NCCCC1CCCO1,3.99 
CCC(COC(C)C(C)O)O,4.59 
C1CC=NC(=C1)SSC2=CC=CC=N2,4.17 
CCCC1=CN=C(C=C1)C(C)CC,4.88 
CSC1=NC=C(C=C1)S,6.82 
CN1C(=O)C2=C3C(=C(C=C2)C4=CC=CC5=CC=CC=C54)C=CC=C3C1=O,4.12 
CC(=C)C(=C)OC(=O)C,5.82 
CCOC(=O)C1=CC=CC(=N1)C(=O)C(=O)N(C)C,4.08 
CCCCCCOC(=O)C1=NC(=CC=C1)C(=O)OC(C)CCC,2.79 
CCN(CCOC)CO,4.93 
CN1C(=O)C2=CC(=C3C4=C5C(=CC=C6C5=C(C=C4)C(=O)NC6=O)C7=C(C=C(C2=C37)C1=O)F)F,3.83 
CC1(CC(NC(=S)N1)(C)O)C,4.88 
CCCCOCCOCCOCCOC(=O)C1=CC=CC=N1,4.47 
C1C(N1CCO)O,10.03 
CC1=CC=C(C=C1)CN2CC=C(CC2C3=CN=CC=C3)C4=CN=CC=C4,2.04 
COCC1CCC(=O)CC1,7.51 
CC1=C(C=NC=C1)S,5.61 
C1=CSC(C1O)O,8.76 
CCCCCCC(CCCOC)OC(=O)C1=CC=CC(=N1)C(=O)OCC,2.91 
CCCCN1C(=O)C2=C3C(=CC=C(C3=C(C=C2)C4=CC=CC=C4)C5=CC=CC=C5)C1=O,2.50 
CCCC#CCN1CCCCC1,5.47 
CC1=CC(=NC=C1)C(C)CC2=NC(=CC=C2)C(C)C,4.67 
C1CCC(CC1)OC(=O)C2=NC(=CC=C2)C(=O)OC3CCCCC3,2.82 
CC(C)OCC(COCCO)OCCO,5.14 
CC(=C)C(=O)OC(C(CF)F)(F)F,6.64 
C=CCC1=C(C=NC=C1)C2=CCCCC2,6.79 
CC1CNCCCNCCNCCN1,3.49 
CCOC(COCC(C(F)F)(F)F)(OCC)OCC,4.38 
C1C(=CC(=C1C2=CC=NC=C2)C3=CC=NC=C3)C4=CC=NC=C4,2.99 
CN1C(=O)C2C=CC3=C4C2=C(C1=O)C=CC4=C5C=CC6=C7C5=C3CC=C7C(=O)N(C6=O)C,3.05 
CCCOC(=O)C1=NC(=CC=C1)C(=O)OCC(C)(C)C,3.37 
CN(C)C(=O)OCC(F)(F)F,9.11 
CCC1=CC(=NC(=C1)C(=O)OCC)C(=O)OCC,4.23 
CCC1=NC=C(C=C1)CCC2=CN=CC(=C2)C,3.12 
CC1=CC2=C(C=C1)N=C3C=CC(=CC3=N2)N(C)C,4.76 
CC(=C(C1=CC=CC=C1)C2=CC=C(C=C2)NC)C,2.83 
CCC(C1=NC(=CC=C1)C(=O)OC)N,4.72 
CCOC(=O)C1=NC(=C(C=C1)C(F)F)C,4.49 
CC(=C)OC(=O)N1C=CC=C1,6.75 
CC1=C(C=CC=N1)S,7.65 
CC1=CC=C(C=C1)N(C)C2=CC=C(C=C2)N=C3C=CC(=NC)C=C3,3.80 
C1CC=C(C1)C2=CC=NC=C2,8.97 
C1CN(CCC1CC2=CN=CC=C2)S,6.93 
C1CCNCCNCCNCCCNC1,3.38 
CCCN(CC)CC1=CN=C(C=C1)C(C)C,4.18 
C1=CC=C(C=C1)CC(C2=CC=CC=C2)C3=CN=CC=C3,3.52 
CC(CNCCNCCNCC(C)N)N,2.98 
CCN(CC)CCCCCCN1CCCCC1,4.24 
CCOCC(C)OC,7.43 
CCCNCCCNCCCNCCN,2.82 
CC1=NC=CC(=C1)C2=NC=C(C=C2)C(C)(C)C,4.09 
CC1=C(C2=NC(=C(N=C2C=C1)C)C3=CC=CC=C3)N,4.65 
CC1=C(C=CC=N1)C(=C)C2=CN=C(C=C2)C(C)(C)C=C,4.73 
C1=CC2=C3C(=CC=C4C3=C1C5=C6C4=CC(=CC6=C(C=C5)C(=O)N)C(=O)N)C(=O)NC2=O,2.13 
C1CC(=CCC1N2CCN(CC2)CC3=CC=NC=C3)C4=CC=C(C=C4)F,3.47 
CCCNCCN(C)CC,6.16 
CCCCC1=CN=C(C=C1)C2=CC=CC=C2,4.36 
CC1(C(C(=O)NC(=O)N1)(O)O)O,5.92 
CN(C[CH])CCO,8.36 
CC(C)(CCC1=CC=CC=N1)N2CCN(CC2)CCC3=CC=CC=C3,2.27 
CCOC(=O)C1=CC=CC(=N1)CCC(=O)O,5.67 
CCCNOCC(F)(F)F,8.12 
CCCN1CCCNCCNCCNCC1,4.50 
C1=C(NC(=O)NC1=O)NN=O,7.39 
C1CC(=NC=C1)SSC2=CC=CC=N2,5.16 
CC(C)C(=C)SSC1=CC=CC=N1,6.51 
CN1C(C(NC1=S)O)O,4.25 
CCCNCCNCCNCCNC,3.03 
CN(C)C(=O),8.60 
OCCOCCOCCOCCO,5.03 
OC(C)COC(C)COC(C)COC(C)CO,3.31 
C1=CC2=C3C(=C1)C(=O)N(C(=O)C3=CC=C2)N,4.93 
C1C2=C(C=CC(=C2)C3=CC(=CC=C3)C(=O)N)C(=O)NC1=O,2.57 
C1C=CC2=C3C1C(=O)NC(=O)C3=CC=C2,7.04 
C1=CC2=C(C=CC3=C2C(=C1)C(=O)NC3=O)C#N,6.40 
C1=CC=NC(=C1)C2=CN=CC=C2,7.12 
CCCCC(CCCC)C1=C(N=CC=C1)C2=CC=CC=N2,3.73 
COCCCOCC1=NC(=CC=C1)C(=O)O,3.24 
CCOC(=NN=C(C)C)C,4.16 
CN1CCCCC1C2=CC=NC=C2,6.18 
CCCN(CCNCC#N)CCNCC#N,3.51 
COC(C1=CC=CC(=N1)C=O)OC,6.38 
CC1=C(N=CC=C1)C(=NC)C(C)C,4.73 
CCOCCOCCOCC1=NC(=CC=C1)C=O,5.37 
CC(=O)OCC1=NC(=CC=C1)C(=O)N,3.93 
CN1CCC(CC1)(C#N)C2=CC=CC=N2,5.05 
C=CC1=CN=C(C=C1)C2=CC=CC=N2,8.82 
CCCCOCC(C1=NC(=CC=C1)C(=O)OC)N,4.91 
C(C(COCC(COCC(CO)OCC(CO)O)O)O)O,3.15 
CC1=C(N=CC=C1)CCCCCC2=C(C=CC=N2)C,3.95 
C1=CC=NC(=C1)C2=CC(=CC=C2)C3=CC=CC=N3,5.11 
CC1=C(NC(=O)NC1=O)O,6.56 
C1=C2C(=CN1)C(=O)OC2=O,8.50 
CC1=NC(=C(C(=O)N1)N)N,6.16 
CCC(C)CCCC1=CN=CC=C1,5.89 
CCC1=CC2=C(CC(=O)NC2=O)C=C1,4.10 
N1=CC=C(CCC2C=CN=CC=2)C=C1,8.55 
C=C1C2=CC=CC=C2C(=O)NC1=O,4.87 
CC=C1C2=C(C=CC(=C2)C)C(=O)NC1=O,4.77 
CN1CCC(=CC1)C2=CC=NC=C2,4.95 
C#CC1=C(C(=NC=C1)C2=CC=CC=N2)C#C,4.43 
C#CC1=CC(=O)NC(=O)N1,8.11 
CN1C(=O)C=C(NC1=O)NN,5.67 
C1C(=O)NC(=O)NO1,7.61 
C1CNC(=O)NC1N,5.99 
CC1C=CNC(=O)N1,4.21 
CCCN1CCNCCNCCNCC1,2.74 
CN(C)CC#CCN1CCCCC1,4.43 
CC1CCC(O1)CCCNC(C)C,3.54 
CCCOCC(COCC(COCCC)O)O,4.59 
C1C2C(CN1C=O)C(=O)NC2=O,4.72 
CCCCCCCCCCN1CCC2=C(C1)C=CC=N2,4.13 
CCCCCCCC(CCCCCC)CC1=CN=CC=C1,3.19 
CCCC1=CC(=NC=C1)C2=CC=CC=C2,4.67 
CC(C)CC(CC(C)C)C1=CN=CC=C1,4.87 
C1CC1C(=C2CC2)C(=O)C3CC3,7.03 
CCC1=CN=C(C=C1)CCN2CCCCC2,4.08 
C1(C(C(=O)NC(=O)N1)(O)O)O,4.67 
CC1=C(C=CC=N1)CN2CCN(CC2)C,3.49 
CCOC(=O)C1=NC(=C(C=C1)C)C#N,7.75 
CN1CCN2CCNCCN(CC1)CCN(CC2)C,3.39 
CC(C)C1CC2=C(CN1C(C)C)C=CN=C2,3.84 
C1=CC(=CN=C1)C(=NO)C2=CN=CC=C2,5.48 
CCC1=NC=C(C=C1)C(C)N2CCCCC2,3.65 
C1COC(O1)C2=CC=CC(=N2)C=O,6.26 
C(COCCOCCOCCOCCOCCOCCO)O,2.41 
C1C=CC=NC1C2=CN=CC=C2,9.55 
C1CC(CNC1)C2=CC=CC=N2,4.69 
C1CNCCN(CCNCCN1)CCCCN,3.55 
COC(=O)C1=CC=CC(=N1)C=NCC2=CCCC=C2,4.14 
C1=CN=CC=C1CCCCCCCCCCCCCC2=CC=NC=C2,3.80 
CCOC(=O)C1=CC=CC(=N1)C(O)O,4.21 
C1C=CC2=C(C1=N)N=CC=C2,5.62 
CC(C1(C=CC(=O)C1O)O)O,6.87 
C1CNCCCN(CCNC1)CCCN,3.93 
CN1CCN2CCCNCCN(CCCNCC2)CC1,3.74 
CC(C)C1=NC(=C(C=C1)C#N)C(=O)OC,5.73 
CC1C2=CC=CC=C2C(=O)NC1=O,5.79 
CCC1=NC=C(C=C1)C2CCN(CC2)C,3.96 
CC(C)(C)OC(=O)C1=CC=CC(=N1)C=C,4.31 
CCCC(C1=CC=CC=C1)N=CC2=CC=CC=N2,4.63 
C1=C(NC(=O)NC1=O)CN,7.58 
C=C1NC(=O)NC(=O)N1,6.60 
C1COC(=O)NC1=O,5.78 
C1C(NC(=O)NC1=O)CO,6.17 
CCOCC1=NC(=CC=C1)C(=O)OC,4.56 
COCC#CCOC,10.20 
C1CNC(=O)CC1O,8.23 
C1C(C=CNC1=O)O,5.96 
CCOC(=O)N(C)C1CC1,7.30 
CC(COCC#CCOCC(C)O)O,4.93 
CC1=NC=CC(=C1)C2=CC(=NC=C2)C,5.85 
C1(=O)NC(=NC(=O)N1)ON,5.56 
COC(CO)COCCO,7.33 
C1=CNC(=O)C=C1O,8.99 
C1CN2C(=NC(=O)NC2=O)N1,9.00 
CCC(C)OC(C)COC(C)CO,4.30 
C1=CC(=CN=C1)C=CC2=CC=NC=C2,7.82 
CC1=C(N=C(NC1=O)C)N,4.81 
COC1=NC(=O)NC(=N1)N,5.83 
CC(COCC(C)OC)O,5.35 
C=CC1=CC=C(C=C1)C(=O)N2C(=O)C3=CC=CC4=C3C(=CC=C4)C2=O,4.69 
CC1=NC(=NC(=O)N1)NC,5.32 
CC1=C(OC(=O)NC1=O)C,8.75 
COC1=CC(=CC(=C1)N)OC,6.17 
C1=NNC(=O)NC1=O,12.10 
CC1=CNC(=O)C=C1N,6.92 
CC(C)C1=CC2=C(C=C1)C(=C)C(=O)NC2=O,5.16 
CC(C)(C)C1=C(C=NC=C1)C2=CC=CC=C2,5.28 
CC1=CC=CC=C1C2=C(C=NC=C2)C,5.46 
CCC1=C2C=CC=C3C2=C(C=C1)C(=O)NC3=O,5.00 
CON1C(=O)C2=CC=CC3=C2C(=CC=C3)C1=O,4.34 
C1CCNC(C1)C2=CC=NC=C2,6.12 
COC(CO)COCCO,7.33 
CCOC(CO)C(C)O,6.81 
C1CCC(=CC1)CC2=CC=NC=C2,7.01 
C#CCCCCC1=CN=CC=C1,5.13 
CCCOC(CO)COC,5.82 
C1=CC2=C3C(=C1)C4=C5C(=CC=C6C5=C(C=C4)C(=O)NC6=O)C3=CC=C2,3.79 
COC(=O)N1C(=O)C2=CC=CC3=C2C(=CC=C3)C1=O,5.19 
CCCC1=NC(=CC=C1)C(=O)OCC,5.05 
C1=CC(=CC(=C1)N)CCC2=CC=NC=C2,4.98 
CCC(COCCO)O,7.23 
CC1=CN=C(C=C1)C2=CN=CC=C2,7.48 
CC(COCCCO)O,6.36 
CCOC(=O)C1=CC=CC(=N1)C=CC,5.15 
CC(CO)OC(C)COC,5.79 
C=CC1=CC(=NC=C1)C2=NC=CC(=C2)C=C,5.34 
CCCNC,7.82 
CCC(COC(C)C)O,3.92 
CCOCC(C)OCCO,6.36 
C1=C(C(=O)NC(=O)N1)O,7.36 
CCCOCC(C)OC(C)CO,4.83 
C1C2=CC3=CC=CC=C3C=C2C(=O)NC1=O,5.01 
C1=CC=C(C=C1)C(=O)NC(=O)C2=CC=CC3=CC=CC=C32,3.75 
CCOC(C)C(CO)O,5.99 
CCC1=C2CC(=O)NC(=O)C2=CC=C1,5.46 
C1C=CC(=O)NC1=O,11.20 
C1=CN=CC=C1CC2=CC(=CN=C2)CC3=CC=NC=C3,5.20 
COCCOCC(CO)O,6.93 
CCOC1=NC(=O)NC(=C1)N,5.32 
C1=CC=C(C=C1)C2=C3C=CC=C4C3=C(C=C2)C(=O)NC4=O,4.01 
CC(CO)OC(C)COO,5.36 
C1=CC=C(C=C1)C(=O)NC(=O)C2=CC=CC3=CC=CC=C32,3.75 
CCCCOC(=O)C1=CC=CC(=N1)C(=O)O,4.82 
CCC(=O)N1C(=O)C2=C3C(=C(C=C2)C)C=CC=C3C1=O,5.54 
CNN1C(=O)C2=CC=CC3=C2C(=CC=C3)C1=O,5.17 
C=CCC(C1=CC=CC=C1)C2=CC=NC=C2,4.12 
CC(C)(C1=CC=CC=N1)C2=CC=CC=N2,5.59 
CC1=C(N=C(NC1=O)OC)O,5.28 
C1=C(NC(=CC1=O)N)N,6.15 
CC(C)(C)C1=C(C=NC=C1)C2=CC=CC=C2,5.28 
CC1=C2C=CC=C3C2=C(C=C1)C(=O)N(C3=O)C,4.71 
CC1=CC(=NC=C1)C2=NC=CC(=C2)C=C,6.90 
CCCCCCCC1=CC=NC=C1,5.78 
CCC1=C2CC(=O)NC(=O)C2=CC=C1,5.46 
C1=C(OC=NC1=O)N,7.66 
C1=CC(=CN=C1)C=CC2=CC=NC=C2,7.82 
CCC(C)OC(=O)C1=CC=CC(=N1)COCC,3.94 
CC1=CC(=CC=C1)C(=CCN(C)C)C2=CC=NC=C2,4.11 
CC1=CC=CC=C1C2=CC=CC3=C2C(=O)NC(=O)C3,2.88 
CC1C(=O)NC(=N)NC1=O,7.07 
CCC(=O)N1C(=O)C2=CC=CC3=C2C(=CC=C3)C1=O,5.18 
C1=CC(=CN=C1)CCCCC2=CN=CC=C2,3.73 
CNCCN1C(=O)C2=CC=CC3=C2C(=CC=C3)C1=O,3.83 
C1=CC(=CN=C1)C2=CC=C(C=C2)CN,5.31 
CC1=CC(=O)NC(=C1C)O,6.36 
CC1=CC(=NC=C1)CC2=CC=CC=C2,4.76 
CCC(C)OCCO,6.57 
CN1C(=CC(=O)N=C1N)N,5.15 
C1=CC2=C3C(=C1)C(=O)N(C(=O)C3=CC=C2)CCCN,3.56 
CC1=CC2=C3C(=CC=C2)C(=O)N(C(=O)C3=C1)OC,5.69 
CC1CC(=CC(=O)O1)N,5.79 
C1=CC=C(C=C1)CCC2=CN=CC=C2,6.15 
C1C(NC(=O)NC1=O)C=O,7.51 
C1=CC(=CN=C1)C#CC2=CN=CC=C2,5.69 
CC(C)(CC1=CN=CC=C1)C2=CN=CC=C2,5.79 
CC1=CC(=C(C=N1)C)C2=CC=CC=C2,6.38 
CCOC(CO)C(C)O,6.81 
C1CCC(=O)NC(=O)C1,8.65 
CCCC1=NC=CC(=C1)C,6.53 
C1=CC(=CN=C1)CNCC2=CN=CC=C2,3.56 
C1=CC(=CC=C1C=CC#N)C2=CC=NC=C2,7.29 
COC1=NC(=CC(=O)N1)O,6.26 
C=CCC(C1=CC=CC=C1)C2=CC=NC=C2,4.12 
C1=CC2=C(C=CC3=C2C(=C1)C(=O)NC3=O)C(=O)NC=O,5.21 
CC1C(C(=O)NC(=O)N1)O,8.20 
CCOCCOCC(C)O,5.64 
CCCNCCNCCNC,5.67 
C1C(=NC(=O)NC1=O)N,7.42 
CN1C(=O)C2=C3C(=C(C=C2)C=C)C=CC=C3C1=O,5.25 
CC(C)OCCOC(C)C(C)O,3.42 
CN1C=NC(=O)NC1=O,8.53 
C1COCCOC(=O)C2=NC(=CC=C2)C(=O)OCCOCCO1,3.11 
CCC(C)OCCOC(C)C(C)O,3.71 
CC(COC(C)C(C)O)O,6.22 
C(C1C(=O)NC(=O)N1)O,8.21 
CC1=CC(=O)NC(=O)N1C,6.75 
CCOC(=O)C1=NC(=CC=C1)C(=O)OC(C)C,4.68 
OCCOCCOCCO,5.43 
C1=NC(=O)NC(=N1)NN,9.37 
C1CC(CNC1)CC2=CN=CC=C2,6.29 
C1=CC(=CN=C1)CCC2=CN=CC=C2,4.92 
CC(C)C1=C(C(=CC=C1)C(C)C)C2=C3C4=C(C=CC=C4C(=O)NC3=O)C=C2,3.64 
C(CO)N(CCO)CCO,6.88 
CC1=CC(=C(C(=O)N1)C)O,6.37 
CC1=CC(=CC(=O)N1C)N,8.19 
CCCC1=C(C=CN=C1)C,7.62 
CC1=CC=C(C=C1)C2=CC3=C4C(=C2)C=CC=C4C(=O)NC3=O,4.04 
C1CC(=CC2=CC=CC=C2)C(=NC1)C3=CN=CC=C3,3.93 
C1C(C(NC1=O)CO)N,7.82 
CC1=CC=C(C=C1)C=CC2=CN=CC=C2,7.05 
CC(CC(CC(C)C1=CC=NC=C1)C2=CC=NC=C2)C3=CC=NC=C3,3.24 
C1=CNC(=O)NC(=O)N1,7.60 
C1CNC(=O)NC1O,5.73 
C1(C(=NC(=O)NC1=O)N)N,7.58 
CN1C(=O)C=C(N=C1OC)N,4.19 
C(O)C(O),8.86 
C1C(CC(CC1C2=CC=NC=C2)C3=CC=NC=C3)C4=CC=NC=C4,3.08 
C1=CC(=O)NC(=O)C=C1,10.80 
COC1=CC(=CC(=O)N1)N,4.40 
CC(CO)OC(C)CO,8.91 
C1=CC=C(C=C1)C2=CN=C(C=C2)C3=CC=CC=N3,4.18 
CC1=NC(=CC=C1)C(=O)OC2CC2,6.98 
C1C(CC(=O)NC1=O)O,4.21 
C1=CC=C2C(=C1)C=CC3=C2C(=O)NC(=O)C3=O,4.51 
C1(=C(NC(=O)NC1=O)N)N,5.34 
CCOCC(CO)O,5.72 
C1=C(NC(=O)N=C1N)C#N,4.91 
C1=CC2=C3C(=C1)C(=O)N(C(=O)C3=CC=C2)ON,3.66 
CCCCC1=C2C3=C(C=CC=C3C(=O)NC2=O)C=C1,4.18 
CNC1=CC(=O)NC(=O)N1C,5.22 
CCCOC(=O)C1=CC=CC(=N1)C(=O)OCC,4.50 
C1=CC=C(C=C1)CCC2C3=CC=CC=C3C(=O)NC2=O,4.15 
COC(=O)CC=CC1=NC(=CC=C1)C(=O)OC,4.06 
CC(C(C)OC(C)C(C)O)O,5.79 
C=C(C1=CC=NC=C1)C2=CC=NC=C2,6.54 
CC(C1=CC=CC=C1)(C2=CC=NC=C2)N,3.97 
CC(C)C(C)(C)N1C(=O)C2=CC=CC3=C2C(=CC=C3)C1=O,3.93 
C1CCN(C(C1)C2=CN=CC=C2)N=O,4.40 
CC1=CC(=NC=C1)C2=CC=CC=C2,5.62 
C1=CC=NC(=C1)C=CC2=CN=CC=C2,6.01 
CC(C)(C)C1=CC(=NC=C1)C2=CC=CC=N2,6.27 
CCCC(=O)N1C(=O)C2=CC=CC3=C2C(=CC=C3)C1=O,4.75 
C1=CC=C(C=C1)C(C2=CN=CC=C2)N,4.84 
CC1=NC(=CC(=O)N1)NN,5.80 
C1=CN=C(NC1=O)NO,8.19 
CC(C)C1=CC2=C3C(=C1)C=CC=C3C(=O)NC2=O,4.35 
C=CC=C(C1=CC=NC=C1)C2=CC=NC=C2,6.32 
CC(C)OCCOCCO,5.62 
CN1CC2CC(C1)C=C(C2)C3=CN=CC=C3,3.95 
CC1=CC(=O)N=C(O1)N,9.06 
C1=CC=C(C=C1)CC2=C(C=CN=C2)C3=CC=CC=C3,5.29 
C1=CC2=C3C(=C1)C(=O)N(C(=O)C3=CC=C2)CCCCN,4.69 
C1C2=C(C=C(C=C2)C(=O)N)C(=O)NC1=O,5.56 
CCC(CO)OCC,7.84 
C(=C(C=O)NC=O)N,7.30 
CCCOCCOC(C)CO,5.02 
C1=CC=C(C=C1)C2=NC=C(C=C2)CC3=CC=NC=C3,4.31 
CCOC(C)COCCO,4.60 
CCCC1=CN=CC=C1,8.95 
C1=CC=C(C=C1)C=CC2=C(N=CC=C2)C3=CC=CC=N3,3.66 
CC(C)(C)C1=CC2=C3C(=C1)C=C(C=C3C(=O)NC2=O)C(C)(C)C,2.68 
C1=CC=C(C=C1)CCCC2=CN=CC=C2,6.16 
CCOC(CO)CO,6.38 
CC1=C(N=C(NC1=O)C)O,5.64 
CCOCC1=NC(=CC=C1)C(=O)OCC,6.01 
CC1=CC(=CC=C1)C2=CN=CC=C2,8.21 
CC1=NC(=CC(=O)N1N)N,4.50 
C1=CC2=C3C(=C1)C(=O)N(C(=O)C3=CC=C2)CC=CCN,2.98 
C1C2=C(C=CC(=C2)C3=CC=CC=C3)C(=O)NC1=O,5.26 
CC1=CC(=O)NN(N1)N,5.50 
C1=C(NC(=O)NC1=O)C#N,7.48 
OCCOCCOCCOCCOCCO,5.00 
C1=CC2=C3C(=C1)C(=O)N(C(=O)C3=CC=C2)N=O,6.75 
C1=CC=C(C=C1)CC(C#N)C2=CC=NC=C2,5.95 
CC1=C2C=CC=C3C2=C(C=C1)C(=O)N(C3=O)O,7.00 
CN(C)C=O,4.97 
C1CC(N=C1)C2=CN=CC=C2,5.67 
CCOC(=O)C1=CC=CC(=N1)C(C)OC,6.59 
CCOC(=O)C1=CC=CC(=N1)C(=O)O,4.81 
CC1CC(=CC(=O)C1)N,6.27 
C1=CC=NC(=C1)C2=CC=NC=C2,9.14 
CCOC(=O)C1=NC(=CC=C1)C(=O)OCC(C)(C)C,4.53 
CNCC1=C2C=CC=C3C2=C(C=C1)C(=O)NC3=O,2.93 
C1=NNC(=O)N=C1NN,5.34 
CCOC(=O)C1=CC(=CC(=N1)C(=O)OCC)C,5.00 
C(COCCOCCO)O,6.45 
CC1=C(NC(=O)NC1=O)N,5.45 
C1(=C(N(C(=O)NC1=O)O)N)N,4.51 
CCCOCC(C)O,5.75 
C1=CC2=CC=C3C4=C(C=CC1=C24)C(=O)NC3=O,1.75 
CC(C(C)OC1COC1)O,7.43 
CCC1=C2C3=C(C=CC=C3C(=O)NC2=O)C=C1,6.45 
C1C(=O)NC(=N)NC1=O,8.20 
C1=C(NC(=O)N=C1)NN,7.46 
CCC1=CN=C(C=C1)C2=CC=CC=C2,4.76 
C1CC(=O)NC(=O)NC1,6.86 
C1=CC=C(C=C1)C(=CC2=CC=NC=C2)C#N,6.28 
C1CCC(=O)NC(C1)N,5.23 
C=CC1=NC(=O)NC(=O)N1,7.93 
CCCOCC(CO)OC,4.94 
C=CCN1C(=O)C2=CC=CC3=C2C(=CC=C3)C1=O,5.34 
C1=CC=C(C=C1)C=CC2=CN=CC=C2,6.34 
CC1=C2C=CC=C3C2=C(C=C1)C(=O)N(C3=O)C(=O)C,5.39 
C1CN=C(C1=CC2=CC=CC=C2)C3=CN=CC=C3,5.19 
C1CCNC(C1)C2=CN=CC=C2,5.07 
C1C(=CC(=O)OC1=O)O,9.74 
CN1C(=O)C2=CC=CC3=C2C(=CC=C3)C1=O,8.97 
C1=C(N2C(=NN=N2)NC1=O)N,4.14 
COCCOC(=O)C1=CC=CC(=N1)C=O,4.63 
C1CN=CC=C1C2=CC=NC=C2,7.27 
C1CC(=CC(=O)C1)N,4.63 
C1CN2CCC1C(=C2)C3=CN=CC=C3,4.98 
C=C(C1=CC=CC=C1)C2=CC=NC=C2,5.16 
CC(C)OCCO,11.22 
CC(CCO)OCCO,6.35 
CCCOCC(CC)O,6.53 
C(=O)C1=C(NC(=O)N1)O,7.60 
CN1C(=O)C=C(NC1=O)N,7.32 
CCCC1=C2C3=C(C=CC=C3C(=O)NC2=O)C=C1,6.22 
COC(=O)C1=CC=CC(=N1)C=CCC=O,5.66 
OCCOCCO,7.80 
CC1=C(C=CN=C1C2=CC=CC=N2)C=C,5.93 
CC1=C(NC(=O)NC1=O)NC,4.83 
OC(C)CO,11.85 
C1=C(NC(=O)N=C1N)N,4.95 
CC1=C(N=CC=C1)C2=CC=CC=C2,6.30 
C1CNCCC1CC2=CC=NC=C2,6.34 
C1C(=O)C(=NC(=O)N1)N,4.89 
CC(C1=NC(=CC=C1)C(=O)C)OC(=O)C,6.11 
CC1=NC(=CC(=O)N1)NC,5.20 
C1=CNC(=O)NC1=O,7.44 
CNC1=NC(=O)NC(=N1)N,6.15 
C1=CC=C(C=C1)CCCC2=CC=CC=N2,4.41 
CCC1=CC(=O)C=C(N1)N,6.21 
CC1C(=O)NC(=NC1=O)N,3.71 
C1=CC2=C(C=CC3=C2C(=C1)C(=O)NC3=O)C=O,4.42 
C1=CC=NC(=C1)CCC2=CN=CC=C2,6.49 
CC(C1=CC=CC=C1)C2=CN=CC=C2,5.21 
C1=CC=C(C=C1)C(=C2C=CC=C2)C3=CC=NC=C3,3.24 
CCC(CO)OCC(C)O,5.58 
CC(CO)OCC(C)O,6.49 
CCCC(C)(CC)N1C(=O)C2=CC=CC3=C2C(=CC=C3)C1=O,3.26 
CCC(CO)OC(C)CO,6.99 
C1CC2CN(C1CC(=C2)C3=CN=CC=C3)CC4=CC=CC=C4,3.33 
C=CC1=CC(=O)NC(=O)N1,5.85 
CCOCC(CO)OC,5.50 
C1=C2C(=CN1)C(=O)NC2=O,5.07 
CCC1=CC(=C(C=N1)C)C2=CC=CC=C2,6.20 
CC1=CC(=O)C=C(N1)N,6.00 
C1=CC=C(C=C1)CC2=CN=C(C=C2)C3=CN=CC=C3,5.70 
COC(CO)CO,5.51 
C1C(NC(=O)NC1O)O,5.64 
CCOC(=O)C1=CC=CC(=N1)C=CC(=O)O,6.15 
CC(=O)OCC1=NC(=CC=C1)C(=O)O,5.17 
C1CC(=C2C3=CC=CC4=C3C(=CC=C4)C(=O)N2)C1,5.60 
C1CC2C3=C(C1)C=CC=C3C(=O)NC2=O,6.86 
C=C1CC(=O)C2=CC=C3C4=C(C=CC1=C24)C(=O)NC3=O,2.47 
CCC(C)OCCOC(C)CO,4.76 
CCC(C)OCC(C)O,4.68 
CC1CC(=O)NC(=N1)N,4.64 
CC1=CC(=O)NC(=O)O1,6.59 
CC1=CC(=C(C=N1)C)CC2=CC=CC=C2,6.04 
CC(C)C(=O)N1C(=O)C2=CC=CC3=C2C(=CC=C3)C1=O,4.61 
C1=CC=C(C=C1)C(=NN)C2=CC=NC=C2,5.98 
C=C1CC(=O)NC(=O)N1,6.13 
C1C2=C(C3=CC=CC=C3C4=CC=CC=C24)C(=O)NC1=O,5.08 
C1=CC=C(C=C1)C(=N)C2=CC=NC=C2,6.17 
COCN1C(=O)C2=CC=CC3=C2C(=CC=C3)C1=O,4.38 
CC=C(C)C1=CN=CC=C1,4.46 
C1=CC=C(C=C1)C2=CC=NC=C2,8.15 
C1C2=C(C3=CC=CC=C3C=C2)C(=O)NC1=O,7.20 
C1=CC2=C3C(=C1)C(=O)N(C(=O)C3=CC=C2)CCN,3.97 
C1=C(N(C(=O)N=C1)O)N,7.84 
C1CN=C(NC1=O)N,4.50 
CC(COC)O,8.22 
C1(=O)C(=O)NC(=O)NC1=O,11.28 
C1=NC(=O)NC(=N1)N,8.20 
C1=NC(=O)NC(=O)N1,7.57 
CCOC(=O)C1=CC=CC(=N1)C=CCC#N,4.01 
C1=C(N(C(=O)N=C1N)N)N,5.52 
COC1=NC(=O)NC(=C1)N,4.67 
CC(CO)OC,9.06 
C1=C(NC(=O)C=N1)O,8.79 
C1(=C(N=C(NC1=O)N)N)O,3.10 
C1(C)C=CC=C(C#N)N=1,9.88 
CC1=CN=C(C=C1)C2=CC=CC=C2,7.31 
C1(=O)C(=O)NC(=NC1=O)N,8.25 
CC=CC1=CC2=CC=CC=C2C3=C1CC(=O)NC3=O,3.76 
C1C=NC(NC1=O)N,6.18 
C1(=C(NC(=O)NC1=O)N)O,4.76 
C1=CC(=CC=C1C#N)C2=CC=NC=C2,6.44 
CC1=C(NC(=O)NC1=O)C=O,6.99 
C1=CC2=C3C(=C1)C(=O)N(C(=O)C3=CC=C2)CN,4.71 
CC1=C(NC(=O)NC1=O)C,6.33 
CC(C)(C)C1=C2C=CC(=C3C2=C(C=C1)C(=O)NC3=O)C(C)(C)C,4.03 
CCCCCC1=CN=CC=C1,6.74 
CCC1=C(N=CC=C1)C2=CC=CC=C2,5.07 
C1C(C=CNC1=O)N,4.20 
C1(C(=O)C(=O)NC(=N1)N)N,5.05 
CCOCC(C)OC(C)CO,5.28 
C1=CC=C(C=C1)C(=CC2=CN=CC=C2)C#N,5.12 
C=CCC1=C2C3=C(C=CC=C3C(=O)NC2=O)C=C1,4.61 
CC(=O)NN1C(=O)C2=CC=CC3=C2C(=CC=C3)C1=O,5.19 
C1=C(C=C(NC1=O)N)N,4.77 
CC=C(C1=CC=CC=C1)C2=CN=CC=C2,5.67 
CC(C(C)OC)O,7.76 
CN(C)C1=NC(=O)NC(=C1)N,4.40 
CN1C(=O)C(=C(NC1=O)N)N,6.21 
C1=CC(=CN=C1)C2=CC=NC=C2,7.20 
C1=CC=C(C=C1)C2C3=CC=CC=C3C(=O)NC2=O,5.42 
C1=CC2=C3C(=C1)C(=O)N(C(=O)C3=CC=C2)CCCCCN,4.60 
CCCC1=C(C=NC=C1)C2=CC=CC=C2,5.60 
CC1=C(C=CN=C1)C2=C(C=NC=C2)C,5.28 
CC(COCCO)O,6.80 
CC1=C2C=CC=C3C2=C(C=C1)C(=O)NC3=O,3.80 
C1=CNC(=O)NC=C1,7.49 
C1=CC=C(C(=C1)C2=CC=CC=N2)C3=CC=CC=N3,4.77 
C1=C(C=C(NC1=O)O)O,8.79 
CCOC(C)CO,7.55 
C1=CC=C(C=C1)CC2=C(C=NC=C2)C#N,5.28 
C=CCC1=C(C=CC=N1)C2=CC=CC=C2,4.92 
C1=C(N=C(NC1=O)N)O,7.43 
CCC(CO)OC(C)C,6.39 
CC1=CC(=O)NC(=O)N1O,7.60 
CC1=C(C(=NC=C1)C2=C(C(=C(C(=N2)C)C)C)C3C=CC=C3)C,3.18 
C1=CC=C(C=C1)CCC2=CC=NC=C2,5.63 
CCC1=NC=CC(=C1)C2=CC=NC=C2,5.73 
CC=C1C2=C(C=CC=C2C(=O)NC1=O)C,5.18 
CC1=C2C3=C(C4=CC=CC=C4C=C3C=C1)C(=O)NC2=O,5.22 
C1=CC=C(C=C1)C2=CC(=NC=C2)C3=CC=CC=N3,5.93 
CC1C(NC(=O)N=C1N)O,4.91 
C1=CN=CC=C1CCCC2=CC=NC=C2,7.18 
CC1=CC(=O)NC(=O)N1,6.78 
CC1=CC(=CN=C1)CC2=CC=CC=C2,6.11 
CCCCOCC1=NC(=CC=C1)C(=O)O,6.16 
CC(=O)C1=C2C3=C(C=CC=C3C(=O)NC2=O)C=C1,5.00 
C1(=C(NC(=O)NC1=O)NN)N,6.96 
CCC(CO)OC,6.72 
CC1=CC(=O)N(C(=O)N1)N,6.98 
C1=C(NC(=O)NC1=O)NN,7.98 
C#CC1=CN=C(C=C1)C2=NC=C(C=C2)C#C,5.11 
CC1CC(CC(=O)N1)N,4.66 
CC1=C2C(=CC=C3C2=C(C=C1)C(=O)NC3=O)C,3.87 
C1(C(NC(=O)N=C1N)O)O,6.77 
C1=CC2=C3C(=C1)C(=O)N(C(=O)C3=CC=C2)O,6.58 
CCC(=O)OCC1=NC(=CC=C1)C(=O)O,5.90 
CN(C)C1=NC(=CC(=O)N1)N,4.02 
CC(CO)OCCO,7.42 
CC1=CC=CC=C1C2=CN=CC=C2,6.02 
C1C2=C(C(=CC=C2)C(=O)N)C(=O)NC1=O,2.75 
CCCOCC(CO)O,5.44 
CC1=CC2=C3C(=CC=C4C3=C(C=C2)C(=O)NC4=O)C1=CC=C,1.48 
C=C1C(=O)NC(=O)NC1=O,8.39 
C1=CC(=CN=C1)C=NN=CC2=CN=CC=C2,4.83 
C1=CC(=CC=C1CC2=CC=NC=C2)N,5.68 
C1CC(CC(=O)NC1)N,5.53 
C1=CC2=C3C(=C1)C(=O)NC(=O)C3=CC=C2,4.91 
C1CC(C(CC=C1)C2=CC=CC=N2)C3=CC=CC=N3,4.69 
C1C(CC(=O)NC1CO)N,3.72 
CC1=NC(=O)NC(=O)N1,8.90 
CC(C)OC(CO)COC,7.13 
CC1(CC(=O)NC(=O)C1)O,5.83 
CC1=CC(=CC(=O)N1)N,6.88 
CC(C)CC1=CC=NC=C1,9.29 
C1CN(CC2=CC=CC=C21)CC3=CC=NC=C3,3.74 
C=CC(C1=C2C3=C(C=CC=C3C(=O)NC2=O)C=C1)N,3.51 
C#CC1=C2C=CC=C3C2=C(C=C1)C(=O)NC3=O,5.85 
C1CCN(CC1)CCC2=CN=CC=C2,4.78 
